job_title,company_name,company_location,work_method,post_date,work_time
Jr. InHouse Technician,Siegwerk,"Tangerang, Banten, Indonesia",On-site,4 days ago,Full-time · Entry level
Junior Engineer for Proposal and Engineering,Siemens,"Jakarta, Jakarta, Indonesia",On-site,5 days ago,Full-time · Associate
Jr. Client Account Manager,Daya Dimensi Indonesia,"Jakarta, Indonesia",On-site,1 week ago,Contract · Entry level
Junior Registration Engineer,Infobip,"Jakarta, Jakarta, Indonesia",Hybrid,1 week ago,Full-time · Associate
Junior Information Technology Programmer,PT. IDStar Cipta Teknologi (IDstar),"Jakarta, Indonesia",On-site,14 hours ago,Full-time
IT Tech Writer (Junior),MIFX,"Jakarta, Indonesia",Hybrid,5 days ago,Full-time · Associate
Frontend Software Engineers,Employment Hero,Indonesia,Remote,1 week ago,Full-time · Entry level
System Analyst (For Partners),Binar Academy,Jakarta Metropolitan Area,On-site,5 days ago,Contract
Application Support,NTT Ltd.,"Jakarta, Jakarta, Indonesia",Hybrid,4 days ago,Full-time · Entry level
Java Developer (Project Based/Onsite),PT. Aero Systems Indonesia (Garuda Indonesia Group),"Jakarta, Indonesia",On-site,5 days ago,Contract
Consultant - Technology Consultant - ID,Deloitte,"Jakarta, Jakarta, Indonesia",Hybrid,4 days ago,Full-time · Associate
ETL Consultant,NTT Ltd.,"Jakarta, Jakarta, Indonesia",Hybrid,3 days ago,Full-time · Mid-Senior level
Backend Engineer,ASLI RI,"Jakarta Selatan, Jakarta, Indonesia",On-site,2 days ago,Full-time
IT Specialist,cv-gen.com,"Denpasar, Bali, Indonesia",On-site,4 days ago,Full-time
Full Stack Engineer,West Java Provincial Government,"Bandung, West Java, Indonesia",On-site,3 hours ago,Full-time
IT Onsite Support Analyst,SLB,"Duri, Riau, Indonesia",On-site,2 days ago,Full-time
Frontend Developer,HCLTech,"Jakarta, Indonesia",Hybrid,3 weeks ago,Contract · Associate
Information Technology Product Manager,Blue Bird Group,"Jakarta, Indonesia",Hybrid,1 week ago,Full-time · Mid-Senior level
Remote Junior Frontend Developer Jobs | Turing,Turing,Indonesia,Remote,3 weeks ago,Full-time · Entry level
Junior Automation Engineer,Michelin,"Bekasi Regency, West Java, Indonesia",Remote,2 hours ago,Full-time · Mid-Senior level
Senior Data Analyst,Funding Societies | Modalku Group,Jakarta Metropolitan Area,Hybrid,2 days ago,Full-time · Entry level
Associate IT Software Development Engineer,NTT Ltd.,"Jakarta, Jakarta, Indonesia",Remote,1 week ago,Full-time · Entry level
Empleo Web Frontend | Trabajo Online,Turing,Indonesia,Hybrid,2 days ago,Contract
